厂区,测试业务,实验室区域,电脑所属实验室,电脑名称,登录账号,状态,计划完成时间,实际完成时间,备注
光明,材料,C8实验室,物相分析室,P8972,pe-01,False
光明,材料,C8实验室,物化分析室1,D5C05,XWDEVB\170321006,False
光明,材料,C8实验室,物化分析室1,ctrc-015,ctrc-015,False
光明,材料,C8实验室,物化分析室1,D7425,XWDEVB\sbmp,False
光明,材料,C8实验室,物化分析室1,D83B1,PE-01,False
光明,材料,C8实验室,物化分析室1,D77F1,XWDEVB\CTCtset1,False
光明,材料,C8实验室,光学分析室,dell-pc,dell,False
光明,材料,C8实验室,光学分析室,DMA230420,DMA230420,False
光明,材料,C8实验室,光学分析室,D230T2,D230T2\dell,False
光明,材料,C8实验室,光学分析室,D77E7,PC,False
光明,材料,C8实验室,热分析室,waters APC,dell,False
光明,材料,C8实验室,热分析室,ctrc-999,170321006,False
光明,材料,C8实验室,光学分析室,pc-PC,PC,False
光明,材料,C8实验室,热分析室,DESKTOP-GIF9O63,HP,False
光明,材料,C8实验室,热分析室,DSC230420,v_DSC-01,False
光明,材料,C8实验室,物化分析室2,MicromeriticsPC,Micromeritics,False
光明,材料,C8实验室,物化分析室2,GM1809110066,pe-01,False
光明,材料,C8实验室,物化分析室2,test10,pe-01,False
光明,材料,C8实验室,光谱分析室,P76B3,P76B3\pe-01,False
光明,材料,C8实验室,光谱分析室,PC1-PC,pc1,False
光明,材料,C8实验室,光谱分析室,CTRC-300,CTRC-300,False
光明,材料,C8实验室,色谱分析室,admin-sunwoda,admin,False
光明,材料,C8实验室,色谱分析室,P76A7,pe-01,False
光明,材料,C8实验室,电化学测试室,P7688,pe-1,False
光明,材料,C8实验室,电化学测试室,D8127,CTRC-992,False
光明,材料,C8实验室,电化学测试室,D22244,CTRC-993,False
光明,材料,C8实验室,扣式电池组装室,DESKTOP-6232TA3,dell,False
光明,材料,C8实验室,IQC检验室,S22243,CTRC-994,False
光明,材料,C8实验室,IQC检验室,admin-pc,admin,False
光明,材料,C8实验室,IQC检验室,D7C45,CTRC-426,False
光明,材料,C-1实验室,扫描电镜分析室,D7717,ctrc-tc-sem,False
光明,材料,C-1实验室,接触角室,XWD-20230714FGT,pe-01,False
光明,材料,C8实验室,物相分析室,DESKTOP-Q5ULNFT,PC,False
光明,材料,C8实验室,物化分析室2,ctrc-227,pe-01,False
光明,材料,C8实验室,物化分析室3,DESKTOP-6CQON5R,Admin,False
光明,材料,C8实验室,热分析室,DESKTOP-69FM51B,NCS,False
光明,材料,C-1实验室,扫描电镜分析室,B-BYCYV42,Bruker,False
光明,材料,C-1实验室,扫描电镜分析室,MerrlinCom-6010,sem,False
光明,电芯,B12实验室,25℃循环实验室,ctrc-303,ctrc-303,False
光明,电芯,C8实验室,25℃循环实验室,CTRC-304,CTRC-304,False
光明,电芯,B12实验室,25℃循环实验室,CTRC-305,CTRC-305,True
光明,电芯,B12实验室,25℃循环实验室,ctrc-306,ctrc-306,False
光明,电芯,C8实验室,25℃循环实验室,ctrc-113,ctrc-113,False
光明,电芯,C8实验室,25℃循环实验室,P7687,Pe-01,False
光明,电芯,C8实验室,25℃循环实验室,P76D3,Pe-01,False
光明,电芯,C8实验室,25℃循环实验室,ctrc-155,ctrc-155,False
光明,电芯,C8实验室,25℃循环实验室,P5C03,Pe-01,False
光明,电芯,C8实验室,25℃循环实验室,CTRC-312,CTRC-312,False
光明,电芯,C8实验室,高精度实验室,CTRC-036,CTRC-036,False
光明,电芯,C8实验室,25℃循环实验室,CTRC-332,CTRC-332,True
光明,电芯,C8实验室,25℃循环实验室,CTRC-232,Pe-01,True
光明,电芯,C8实验室,25℃循环实验室,CTRC-233,CTRC-233,True
光明,电芯,C8实验室,25℃循环实验室,ctrc-122,Pe-01,True
光明,电芯,C8实验室,25℃循环实验室,GM201761120,唐丽文2203080227,False
光明,电芯,C8实验室,25℃循环实验室,D6C20,Pe-01,True
光明,电芯,C8实验室,25℃循环实验室,P8916,CTRC-349,False
光明,电芯,C8实验室,25℃循环实验室,CTRC-h02,CTRC-h02,True
光明,电芯,C8实验室,45℃循环实验室1,ctrc-309,ctrc-309,False
光明,电芯,C8实验室,45℃循环实验室2,ctrc-310,ctrc-310,False
光明,电芯,C8实验室,45℃循环实验室2,D6C09,Pe-01,False
光明,电芯,C8实验室,45℃循环实验室1,CTRC-570,Pe-01,False
光明,电芯,C8实验室,45℃循环实验室1,D6C11,Pe-01,False
光明,电芯,C8实验室,45℃循环实验室1,D6C950,Pe-01,False
光明,电芯,C8实验室,45℃循环实验室2,ctrc-307,ctrc-307,False
光明,电芯,C8实验室,45℃循环实验室1,P76A8,Pe-01,False
光明,电芯,C8实验室,45℃循环实验室2,D9A12,Pe-01,False
光明,电芯,C8实验室,45℃循环实验室2,P73F5,Pe-01,True
光明,电芯,C8实验室,45℃循环实验室2,D6C84,Pe-01,False
光明,电芯,C8实验室,60℃循环实验室,D6C16,Pe-01,True
光明,电芯,C8实验室,60℃循环实验室,D6C10,Pe-01,False
光明,电芯,C8实验室,60℃循环实验室,CTRC-151,Pe-01,True
光明,电芯,C8实验室,60℃循环实验室,D8L86,Pe-01,True
光明,电芯,C8实验室,收样室,D77F2,D77F2,False
光明,电芯,C8实验室,收样室,D5885,PE-01,False
光明,电芯,C8实验室,收样室,D8946,PE-01,False
光明,电芯,C8实验室,高低温实验室,P7689,蒋友生1910090111,False
光明,电芯,C8实验室,高低温实验室,P8993,P8993,True
光明,电芯,C8实验室,高低温实验室,P8207,PE-01,True
光明,电芯,C8实验室,高精度实验室,ctrc-308,ctrc-308,True
光明,电芯,C8实验室,高精度实验室,CTRC-574,Pe-01,False
光明,电芯,C8实验室,高精度实验室,CTRC-575,PE-01,False
光明,电芯,C8实验室,高精度实验室,ctrc-169,ctrc-169,True
光明,电芯,B12实验室,25℃循环实验室1,ctrc-017,ctrc-017,True
光明,电芯,B12实验室,25℃循环实验室1,ctrc-016,ctrc-016,True
光明,电芯,B12实验室,25℃循环实验室1,ctrc-228,ctrc-228,True
光明,电芯,B12实验室,25℃循环实验室1,ctrc-095,CTRC-095,True
光明,电芯,B12实验室,25℃循环实验室2,ctrc-019,ctrc-019,True
光明,电芯,B12实验室,25℃循环实验室2,ctrc-020,ctrc-020,True
光明,电芯,B12实验室,25℃循环实验室4,ctrc-004,ctrc-004,True
光明,电芯,B12实验室,25℃循环实验室4,ctrc-043,ctrc-043,True
光明,电芯,B12实验室,25℃循环实验室4,ctrc-091,ctrc-091,True
光明,电芯,B12实验室,25℃循环实验室5,ctrc-044,ctrc-044,True
光明,电芯,B12实验室,25℃循环实验室5,ctrc-045,ctrc-045,True
光明,电芯,B12实验室,25℃循环实验室5,ctrc-167,ctrc-167,True
光明,电芯,B12实验室,25℃循环实验室5,ctrc-105,ctrc-105,True
光明,电芯,B12实验室,25℃循环实验室5,ctrc-167,ctrc-167,True
光明,电芯,B12实验室,25℃循环实验室6,ctrc-048,ctrc-048,True
光明,电芯,B12实验室,25℃循环实验室6,ctrc-050,ctrc-050,True
光明,电芯,B12实验室,25℃循环实验室6,ctrc-051,ctrc-051,True
光明,电芯,B12实验室,25℃循环实验室6,ctrc-053,ctrc-053,True
光明,电芯,B12实验室,高温循环实验室1,ctrc-007,ctrc-007,True
光明,电芯,B12实验室,高温循环实验室1,ctrc-009,ctrc-009,True
光明,电芯,B12实验室,高温循环实验室1,ctrc-010,ctrc-010,True
光明,电芯,B12实验室,45℃循环实验室1,ctrc-171,无法开机,False
光明,电芯,B12实验室,45℃循环实验室1,ctrc-057,ctrc-057,True
光明,电芯,B12实验室,45℃循环实验室1,ctrc-110,ctrc-110,True
光明,电芯,B12实验室,45℃循环实验室1,ctrc-144,ctrc-144,True
光明,电芯,B12实验室,高温循环实验室2,ctrc-003,ctrc-003,True
光明,电芯,B12实验室,60℃循环实验室2,ctrc-037,ctrc-037,True
光明,电芯,B12实验室,高温循环实验室2-短期门口,CTRC-560,ctrc-560,True
光明,电芯,B12实验室,高温循环实验室2-短期门口,ctrc-054,ctrc-054,False
光明,电芯,B12实验室,60℃循环实验室1,ctrc-056,ctrc-056,True
光明,电芯,B12实验室,60℃循环实验室1,ctrc-186,ctrc-186,True
光明,电芯,B12实验室,25℃循环实验室4,ctrc-032,ctrc-032,True
光明,电芯,B12实验室,60℃循环实验室1,ctrc-107,ctrc-107,False
光明,电芯,B12实验室,60℃循环实验室1,ctrc-024,ctrc-024,True
光明,电芯,B12实验室,60℃循环实验室1,ctrc-098,ctrc-098,True
光明,电芯,B12实验室,60℃循环实验室1,ctrc-080,ctrc-080,False
光明,电芯,B12实验室,60℃循环实验室1,ctrc-038,ctrc-038,True
光明,电芯,B12实验室,60℃循环实验室1,ctrc-102,ctrc-102,True
光明,电芯,B12实验室,高温循环实验室2-短期门口,ctrc-115,ctrc-115,False
光明,电芯,B12实验室,高温循环实验室2,ctrc-317,ctrc-317,True
光明,电芯,B12实验室,高温循环实验室2,ctcr-129,ctcr-129,False
光明,电芯,B12实验室,25℃循环实验室2,ctrc-021,ctrc-021,True
光明,电芯,B12实验室,25℃循环实验室3,ctrc-033,ctrc-033,True
光明,电芯,B12实验室,25℃循环实验室3,ctrc-034,ctrc-034,True
光明,电芯,B12实验室,高温循环实验室2,ctrc-055,ctrc-055,True
光明,电芯,B12实验室,高温循环实验室2,ctrc-005,ctrc-005,True
光明,电芯,B12实验室,高温循环实验室2,ctrc-103,ctrc-103,True
光明,电芯,B12实验室,高温循环实验室2-短期门口,ctrc-108,ctrc-108,True
光明,电芯,B12实验室,高温循环实验室2-短期门口,ctrc-063,ctrc-063,True
光明,电芯,B12实验室,高温循环实验室2,ctrc-008,ctrc-008,True
光明,电芯,B12实验室,高温循环实验室2,ctrc-109,ctrc-109,True
光明,电芯,B12实验室,45℃循环实验室2,CTRC-348,CTRC-348,False
光明,电芯,B12实验室,25℃循环实验室3,CTRC-035,ctrc-035,True
光明,电芯,B12实验室,25℃循环实验室4,CTRC-039,ctrc-039,True
光明,电芯,B12实验室,高精度实验室,ctrc-384,ctrc-384,True
光明,电芯,B12实验室,高精度实验室,ctrc-387,ctrc-387,True
光明,电芯,B12实验室,高精度实验室,ctrc-386,ctrc-386,True
光明,电芯,B12实验室,高精度实验室,ctrc-385,ctrc-385,True
光明,电芯,B12实验室,高精度实验室,ctrc-013,ctrc-013,True
光明,电芯,B12实验室,高精度实验室,ctrc-195,ctrc-195,True
光明,电芯,B12实验室,高精度实验室,ctrc-029,ctrc-029,True
光明,电芯,B12实验室,高精度实验室,ctrc-221,ctrc-221,False
光明,电芯,B12实验室,高精度实验室,ctrc-028,ctrc-028,True
光明,电芯,B12实验室,高精度实验室,ctrc-030,ctrc-030,True
光明,电芯,B12实验室,高精度实验室,ctrc-m002,ctrc-m002,True
光明,电芯,C8实验室,高精度实验室,P8307,Pe-01,False
光明,电芯,B12实验室,高精度实验室,ctrc-106,ctrc-106,True
光明,电芯,B12实验室,高温循环实验室2-短期门口,ctrc-330,ctrc-330,True
光明,电芯,B12实验室,高精度实验室,P5C04,pe-01,True
光明,电芯,B12实验室,60℃循环实验室1,D22610,1902210173,False
光明,电芯,B12实验室,60℃循环实验室1,ctrc-022,ctrc-022,True
光明,电芯,B12实验室,60℃外围,ctrc-025,ctrc-025,True
光明,电芯,B12实验室,60℃循环实验室1,CTRC-995,CTRC-995,False
光明,电芯,B12实验室,60℃外围,CTRC-568,CTRC-568,True
博罗,电芯,博罗15A6F实验室,高温循环实验室,CTRC-006,CTRC-006,False
博罗,电芯,博罗15A6F实验室,高温循环实验室,CTRC-059,CTRC-059,False
博罗,电芯,博罗15A6F实验室,高温循环实验室,CTRC-060,CTRC-060,False
博罗,电芯,博罗15A6F实验室,高温循环实验室,CTRC-061,CTRC-061,True
博罗,电芯,博罗15A6F实验室,高温循环实验室,CTRC-062,CTRC-062,False
博罗,电芯,博罗15A5F实验室,高温循环实验室,ctrc-117,2010220019,False
博罗,电芯,博罗15A6F实验室,高温循环实验室,CTRC-119,CTRC-119,False
博罗,电芯,博罗15A5F实验室,高温循环实验室,ctrc-124,ctrc-124,False
博罗,电芯,博罗15A5F实验室,高温循环实验室,ctrc-125,ctrc-125,False
博罗,电芯,博罗15A5F实验室,高温循环实验室,ctrc-127,ctrc-127,True
博罗,电芯,博罗15A5F实验室,高温循环实验室,ctrc-128,ctrc-128,False
博罗,电芯,博罗15A6F实验室,高温循环实验室,CTRC-161,CTRC-161,False
博罗,电芯,博罗15A5F实验室,高温循环实验室,ctrc-210,ctrc-210,False
博罗,电芯,博罗15A6F实验室,高温循环实验室,CTRC-225,CTRC-225,False
博罗,电芯,博罗15A6F实验室,高温循环实验室,CTRC-326,CTRC-326,False
博罗,电芯,博罗15A5F实验室,高温循环实验室,CTRC-352,CTRC-352,False
博罗,电芯,博罗15A6F实验室,25℃温房实验室2,CTRC-368X,CTRC-368,False
博罗,电芯,博罗15A6F实验室,液冷实验室室,CTRC-364,CTRC-364,False
博罗,电芯,博罗15A6F实验室,25℃温房实验室1,CTRC-372X,CTRC-372X,False
博罗,电芯,博罗15A6F实验室,交叉实验室,CTRC-373,CTRC-373,True
博罗,电芯,博罗15A6F实验室,液冷实验室,CTRC-369,CTRC-369,False
博罗,电芯,博罗15A6F实验室,高温循环实验室,CTRC-376,CTRC-376,False
博罗,电芯,博罗15A6F实验室,交叉实验室,CTRC-596,CTRC-596,False
博罗,电芯,博罗15A6F实验室,高温循环实验室,CTRC-395,CTRC-395,True
博罗,电芯,博罗15A6F实验室,高温循环实验室,CTRC-396,CTRC-396,False
博罗,电芯,博罗15A6F实验室,交叉实验室,CTRC-397,CTRC-397,True
博罗,电芯,博罗15A6F实验室,高温循环实验室,CTRC-398,CTRC-398,False
博罗,电芯,博罗15A6F实验室,交叉实验室,CTRC-400,CTRC-400,True
博罗,电芯,博罗15A6F实验室,高温循环实验室,CTRC-401,CTRC-401,False
博罗,电芯,博罗15A6F实验室,25℃温房实验室1,CTRC-402,CTRC-402,False
博罗,电芯,博罗15A6F实验室,高温循环实验室,CTRC-404,CTRC-404,False
博罗,电芯,博罗15A6F实验室,25℃温房实验室1,CTRC-405,CTRC-405,False
博罗,电芯,博罗15A6F实验室,高温实验室3,CTRC-406,TRUE,False
博罗,电芯,博罗15A6F实验室,25℃温房实验室2,CTRC-407,CTRC-407,False
博罗,电芯,博罗15A6F实验室,高温循环实验室,CTRC-408,CTRC-408,False
博罗,电芯,博罗15A6F实验室,25℃温房实验室1,CTRC-409,CTRC-409,False
博罗,电芯,博罗15A6F实验室,高温实验室3,CTRC-411,TRUE,False
博罗,电芯,博罗15A6F实验室,高温循环实验室,CTRC-412,CTRC-412,False
博罗,电芯,博罗15A5F实验室,高温循环实验室,CTRC-370,CTRC-370,False
博罗,电芯,博罗15A5F实验室,25℃温房实验室2,ctrc-500,ctrc-500,True
博罗,电芯,博罗15A5F实验室,高温循环实验室,ctrc-501,ctrc-501,False
博罗,电芯,博罗15A5F实验室,高温循环实验室,CTRC-503,CTRC-503,False
博罗,电芯,博罗15A5F实验室,高温循环实验室,ctrc-509,ctrc-509,False
博罗,电芯,博罗15A5F实验室,高温循环实验室,CTRC-510,CTRC-510,False
博罗,电芯,博罗15A5F实验室,25℃温房实验室2,ctrc-513,ctrc-513,False
博罗,电芯,博罗15A5F实验室,高温循环实验室,ctrc-514,ctrc-514,False
博罗,电芯,博罗15A5F实验室,高温循环实验室,ctrc-518,ctrc-518,False
博罗,电芯,博罗15A5F实验室,25℃温房实验室2,ctrc-522,ctrc-522,False
博罗,电芯,博罗15A5F实验室,25℃温房实验室2,ctrc-524,ctrc-524,True
博罗,电芯,博罗15A5F实验室,25℃温房实验室3,ctrc-530,ctrc-530,False
博罗,电芯,博罗15A5F实验室,25℃温房实验室4,ctrc-531,ctrc-531,False
博罗,电芯,博罗15A5F实验室,25℃温房实验室3,ctrc-539,ctrc-539,True
博罗,电芯,博罗15A5F实验室,高温循环实验室,CTRC-546,CTRC-546,False
博罗,电芯,博罗15A6F实验室,高温循环实验室,ctrc-549,ctrc-549,False
博罗,电芯,博罗15A5F实验室,高温循环实验室,ctrc-552,ctrc-552,False
博罗,电芯,博罗15A5F实验室,高温循环实验室,CTRC-553,CTRC-553,False
博罗,电芯,博罗15A5F实验室,高温循环实验室,CTRC-563,CTRC-563,False
博罗,电芯,博罗15A5F实验室,高温循环实验室,ctrc-564,ctrc-564,False
博罗,电芯,博罗15A5F实验室,高温循环实验室,ctrc-569,ctrc-569,False
博罗,电芯,博罗15A6F实验室,25℃温房实验室2,ctrc-h01,ctrc-h01,False
博罗,电芯,博罗15A6F实验室,25℃温房实验室2,ctrc-h04,ctrc-h04,False
博罗,电芯,博罗15A6F实验室,25℃温房实验室3,ctrc-h05,ctrc-h05,False
博罗,电芯,博罗15A6F实验室,25℃温房实验室3,ctrc-h06,ctrc-h06,False
博罗,电芯,博罗15A6F实验室,特殊温度实验室,CTRC-374,CTRC-374,False
博罗,电芯,博罗15A6F实验室,25℃温房实验室3,ctrc-h08,ctrc-h08,False
博罗,电芯,博罗15A6F实验室,25℃温房实验室5,ctrc-h11,ctrc-h11,False
博罗,电芯,博罗15A6F实验室,25℃温房实验室5,ctrc-h12,ctrc-h12,False
博罗,电芯,博罗15A6F实验室,25℃温房实验室6,ctrc-h13,ctrc-h13,False
博罗,电芯,博罗15A6F实验室,高温循环实验室,CTRC-h14,CTRC-h14,False
博罗,电芯,博罗15A6F实验室,25℃温房实验室3,ctrc-h15,ctrc-h15,False
博罗,电芯,博罗15A6F实验室,25℃温房实验室6,ctrc-h16,ctrc-h54,False
博罗,电芯,博罗15A6F实验室,高温循环实验室,CTRC-h17,CTRC-h17,False
博罗,电芯,博罗15A6F实验室,高温循环实验室,CTRC-h19,CTRC-h19,False
博罗,电芯,博罗15A6F实验室,高温循环实验室,CTRC-h20,CTRC-h20,False
博罗,电芯,博罗15A6F实验室,25℃温房实验室6,ctrc-h21,ctrc-h21,False
博罗,电芯,博罗15A6F实验室,25℃温房实验室4,ctrc-h22,ctrc-h22,False
博罗,电芯,博罗15A6F实验室,高温循环实验室,CTRC-h23,CTRC-h23,False
博罗,电芯,博罗15A6F实验室,高温循环实验室,CTRC-h24,CTRC-h24,False
博罗,电芯,博罗15A6F实验室,高温循环实验室,CTRC-h25,CTRC-h25,False
博罗,电芯,博罗15A6F实验室,液冷实验室,CTRC-416,CTRC-416,True
博罗,电芯,博罗15A6F实验室,液冷实验室,CTRC-422,CTRC-422,True
博罗,电芯,博罗15A6F实验室,高温循环实验室,CTRC-h29,CTRC-h29,False
博罗,电芯,博罗15A5F实验室,高温循环实验室,CTRC-h34,CTRC-h34,False
博罗,电芯,博罗15A6F实验室,特殊温度实验室,CTRC-H03,CTRC-h03,False
博罗,电芯,博罗15A6F实验室,高温循环实验室,CTRC-h36,CTRC-h36,False
博罗,电芯,博罗15A6F实验室,高温循环实验室,CTRC-H37,TRUE,False
博罗,电芯,博罗15A6F实验室,25℃温房实验室4,ctrc-h38,ctrc-h38,False
博罗,电芯,博罗15A5F实验室,25℃温房实验室1,ctrc-h39,ctrc-h39,False
博罗,电芯,博罗15A5F实验室,25℃温房实验室1,ctrc-h41,ctrc-h68,True
博罗,电芯,博罗15A6F实验室,特殊温度实验室,CTRC-H07,CTRC-h07,False
博罗,电芯,博罗15A6F实验室,25℃温房实验室5,ctrc-h45,ctrc-h45,False
博罗,电芯,博罗15A6F实验室,25℃温房实验室5,ctrc-h46,ctrc-h46,False
博罗,电芯,博罗15A6F实验室,25℃温房实验室4,ctrc-h49,ctrc-h49,False
博罗,电芯,博罗15A6F实验室,25℃温房实验室4,ctrc-h50,ctrc-h50,False
博罗,电芯,博罗15A6F实验室,液冷实验室,CTRC-h18,CTRC-h18,False
博罗,电芯,博罗15A5F实验室,高温循环实验室,ctrc-h52,ctrc-h52,False
博罗,电芯,博罗15A6F实验室,高温循环实验室,CTRC-h53,CTRC-h53,False
博罗,电芯,博罗15A6F实验室,25℃温房实验室6,ctrc-h54,ctrc-h54,False
博罗,电芯,博罗15A5F实验室,高温循环实验室,ctrc-h61,ctrc-h61,False
博罗,电芯,博罗15A5F实验室,高温循环实验室,CTRC-H65,CTRC-H65,False
博罗,电芯,博罗15A5F实验室,25℃温房实验室1,ctrc-h68,ctrc-h68,True
博罗,电芯,博罗15A5F实验室,25℃温房实验室1,ctrc-h69,ctrc-h69,False
博罗,电芯,博罗15A5F实验室,高温循环实验室,CTRC-H70,CTRC-H70,False
博罗,电芯,博罗15A5F实验室,高温循环实验室,ctrc-h71,ctrc-h71,False
博罗,电芯,博罗15A5F实验室,高温循环实验室,CTRC-H73,CTRC-H73,False
博罗,电芯,博罗15A5F实验室,25℃温房实验室4,ctrc-h74,ctrc-h74,False
博罗,电芯,博罗15A5F实验室,高温循环实验室,CTRC-h75,CTRC-h75,False
博罗,电芯,博罗15A5F实验室,高温循环实验室,ctrc-h78,ctrc-h78,False
博罗,电芯,博罗15A5F实验室,25℃温房实验室4,ctrc-h81,ctrc-h81,True
博罗,电芯,博罗15A5F实验室,25℃温房实验室3,ctrc-h82,ctrc-h82,False
博罗,电芯,博罗15A5F实验室,25℃温房实验室4,ctrc-h84,ctrc-h84,False
博罗,电芯,博罗15A5F实验室,25℃温房实验室3,ctrc-h87,ctrc-h87,True
博罗,电芯,博罗15A5F实验室,高温循环实验室,ctrc-h88,ctrc-h88,False
博罗,电芯,博罗15A5F实验室,高温循环实验室,ctrc-h89,ctrc-h89,False
博罗,电芯,博罗15A5F实验室,高温循环实验室,CTRC-H91,CTRC-H91,False
博罗,电芯,博罗15A5F实验室,高温循环实验室,P8994,2203040101,False
博罗,电芯,博罗15A5F实验室,高温循环室,CTRC-H73X,TW-005.local,False
博罗,电芯,博罗15A5F实验室,高温循环室,CTRC-H47,CTRC-H747,False
博罗,电芯,博罗15A5F实验室,高温循环室,CTRC-H93,CTRC-H93,False
博罗,电芯,博罗15A5F实验室,高温循环室,CTRC-536,CTRC-536,False
博罗,电芯,博罗15A6F实验室,特殊温度实验室,CTRC-H26,CTRC-h26,False
博罗,电芯,博罗15A6F实验室,高温循环实验室,CTRC-h27,CTRC-h27,False
博罗,电芯,博罗15A6F实验室,液冷实验室,CTRC-h28,CTRC-h28,False
博罗,电芯,博罗15A6F实验室,液冷实验室,CTRC-h30,CTRC-h30,False
博罗,电芯,博罗15A6F实验室,液冷实验室,CTRC-h35,CTRC-h35,False
博罗,电芯,博罗15A6F实验室,液冷实验室,CTRC-h40,CTRC-h40,False
博罗,电芯,博罗15A6F实验室,特殊温度实验室,ctrc-h44,ctrc-h44,False
博罗,电芯,博罗15A6F实验室,高温循环实验室,CTRC-h48,CTRC-h48,False
博罗,电芯,博罗15A6F实验室,特殊温度实验室,CTRC-H51,CTRC-h51,False
博罗,电芯,博罗15A6F实验室,液冷实验室,CTRC-h60,CTRC-h60,False
博罗,电芯,博罗15A6F实验室,液冷实验室,CTRC-528,CTRC-528,False
博罗,电芯,博罗15A5F实验室,特殊温度实验室,CTRC-537,CTRC-537,False
博罗,电芯,博罗15A5F实验室,特殊温度实验室,ctrc-h90,ctrc-h90,False
博罗,电芯,博罗15A5F实验室,短期高精度实验室,CTRC-538,CTRC-538,False
博罗,电芯,博罗15A5F实验室,短期高精度实验室,CTRC-534,CTRC-534,False
博罗,电芯,博罗15A5F实验室,短期高精度实验室,DESKTOP-LUOFGRV,DELL,False
博罗,电芯,博罗15A5F实验室,短期高精度实验室,DESKTOP-1GLLL8G,DELL,False
博罗,电芯,博罗15A5F实验室,短期高精度实验室,CTRC-554,CTRC-554,False
博罗,电芯,博罗15A5F实验室,短期高精度实验室,CTRC-526,CTRC-526,False
博罗,电芯,博罗15A5F实验室,短期高精度实验室,CTRC-H85,CTRC-H85,False
博罗,电芯,博罗15A5F实验室,短期高精度实验室,CTRC-H77,CTRC-H77,False
博罗,电芯,博罗15A5F实验室,短期高精度实验室,CTRC-318,CTRC-318,False
博罗,电芯,博罗15A5F实验室,短期高精度实验室,CTRC-547,CTRC-547,False
博罗,电芯,博罗15A5F实验室,短期高精度实验室,CTRC-H79,CTRC-H79,False
博罗,电芯,博罗15A5F实验室,短期高精度实验室,CTRC-533,CTRC-533,False
博罗,电芯,博罗15A5F实验室,短期高精度实验室,CTRC-535,CTRC-535,False
博罗,电芯,博罗15A5F实验室,短期高精度实验室,CTRC-527,CTRC-527,False
博罗,电芯,博罗15A5F实验室,短期高精度实验室,CTRC-505,CTRC-505,False
博罗,电芯,博罗15A5F实验室,短期高精度实验室,CTRC-525,CTRC-525,False
博罗,电芯,博罗15A5F实验室,短期高精度实验室,CTRC-523,CTRC-523,False
博罗,电芯,博罗15A5F实验室,短期高精度实验室,CTRC-520,CTRC-520,False
博罗,电芯,博罗15A5F实验室,短期高精度实验室,CTRC-506,CTRC-506,False
博罗,电芯,博罗15A5F实验室,短期高精度实验室,CTRC-532,CTRC-532,False
博罗,电芯,博罗15A6F实验室,短期高精度实验室,DESKTOP-NG7UUQF,DELL,False
博罗,电芯,博罗15A6F实验室,短期高精度实验室,DESKTOP-QLGMRQS,DELL,False
博罗,电芯,博罗15A6F实验室,短期高精度实验室,CTRC-H80,CTRC-H80,False
博罗,电芯,博罗15A6F实验室,短期高精度实验室,CTRC-H32,CTRC-H32,False
博罗,电芯,博罗15A6F实验室,短期高精度实验室,CTRC-H42,CTRC-H42,False
博罗,电芯,博罗15B5F实验室,存储实验室,CTRC-197,CTRC-197,False
博罗,电芯,博罗15B5F实验室,存储实验室,CTRC-131,CTRC-131,True
博罗,电芯,博罗15B5F实验室,存储实验室,CTRC-132,CTRC-132,False
博罗,电芯,博罗15B5F实验室,存储实验室,CTRC-011,CTRC-011,False
博罗,电芯,博罗15B5F实验室,存储实验室,CTRC-511,CTRC-511,False
博罗,电芯,博罗15B5F实验室,存储实验室,CTRC-202,CTRC-202,False
博罗,电芯,博罗15B5F实验室,存储实验室,CTRC-181,CTRC-181,True
博罗,电芯,博罗15B5F实验室,存储实验室,CTRC-342,CTRC-342,False
博罗,电芯,博罗15B5F实验室,存储实验室,CTRC-504,CTRC-504,False
博罗,电芯,博罗15B5F实验室,存储实验室,CTRC-191,CTRC-191,True
博罗,电芯,博罗15B5F实验室,存储实验室,CTRC-123,CTRC-123,False
博罗,电芯,博罗15B5F实验室,存储实验室,CTRC-014,CTRC-014,False
博罗,电芯,博罗15B5F实验室,存储实验室,CTRC-380,CTRC-380,False
博罗,电芯,博罗15B5F实验室,存储实验室,CTRC-126,CTRC-126,False
博罗,电芯,博罗15B5F实验室,存储实验室,CTRC-142,CTRC-142,False
博罗,电芯,博罗15B5F实验室,存储实验室,CTRC-H83,CTRC-H83,False
博罗,电芯,博罗15B5F实验室,存储实验室,CTRC-H43,CTRC-H43,False
博罗,电芯,博罗15B5F实验室,存储实验室,CTRC-135,CTRC-135,False
博罗,电芯,博罗15B5F实验室,存储实验室,CTRC-419,CTRC-419,True
博罗,电芯,博罗15B6F实验室,交叉实验室,P8953,SunwodA,False
博罗,电芯,博罗15B6F实验室,交叉实验室,CTRC-403,CTRC-403,True
博罗,电芯,博罗15B6F实验室,交叉实验室,ctrc-176,ctrc-176,True
博罗,电芯,博罗15B6F实验室,交叉实验室,ctrc-111,ctrc-111,False
博罗,电芯,博罗15B6F实验室,交叉实验室,CTRC-094,CTRC-094,False
博罗,电芯,博罗15B5F实验室,25°循环实验室1,CTRC-160,CTRC-160,False
博罗,电芯,博罗15B5F实验室,25°循环实验室1,CTRC-192,PE-01,False
博罗,电芯,博罗15B5F实验室,25°循环实验室1,P76A6,PE-01,False
博罗,电芯,博罗15B5F实验室,25°循环实验室2,CTRC-577,PE-01,False
博罗,电芯,博罗15B5F实验室,25°循环实验室2,ctrc-381,ctrc-381,False
博罗,电芯,博罗15B5F实验室,25°循环实验室2,ctrc-168,ctrc-168,False
博罗,电芯,博罗15B5F实验室,25°循环实验室2,ctrc-214,PE-01,False
博罗,电芯,博罗15B5F实验室,25°循环实验室2,ctrc-499,PE-01,False
博罗,电芯,博罗15B5F实验室,25°循环实验室3,ctrc-190,ctrc-190,False
博罗,电芯,博罗15B5F实验室,25°循环实验室3,ctrc-179,ctrc-179,False
博罗,电芯,博罗15B5F实验室,25°循环实验室3,ctrc-196,ctrc-196,False
博罗,电芯,博罗15B5F实验室,25°循环实验室3,ctrc-212,PE-01,False
博罗,电芯,博罗15B5F实验室,25°循环实验室4,ctrc-180,ctrc-180,False
博罗,电芯,博罗15B5F实验室,25°循环实验室4,ctrc-578,PE-01,False
博罗,电芯,博罗15B5F实验室,25°循环实验室4,ctrc-174,ctrc-174,False
博罗,电芯,博罗15B5F实验室,25°循环实验室4,ctrc-188,ctrc-188,False
博罗,电芯,博罗15B5F实验室,25°循环实验室5,CTRC-112,PE-01,False
博罗,电芯,博罗15B5F实验室,25°循环实验室5,CTRC-023,PE-01,False
博罗,电芯,博罗15B5F实验室,25°循环实验室5,CTRC-427,PE-01,True
博罗,电芯,博罗15B5F实验室,25°循环实验室5,Swd-20191209BBR,xwdevbloca,False
博罗,电芯,博罗15B5F实验室,25°循环实验室6,CTRC-576,xwdevb,False
博罗,电芯,博罗15B5F实验室,25°循环实验室6,CTRC-584,PE-01,False
博罗,电芯,博罗15B5F实验室,25°循环实验室6,CTRC-361,CTRC-361,False
博罗,电芯,博罗15B5F实验室,25°循环实验室7,CTRC-360,CTRC-360,False
博罗,电芯,博罗15B5F实验室,25°循环实验室7,CTRC-338,PE-01,False
博罗,电芯,博罗15B5F实验室,25°循环实验室7,CTRC-327,PE-01,False
博罗,电芯,博罗15B5F实验室,25°循环实验室9,CTRC-362,CTRC-362,False
博罗,电芯,博罗15B5F实验室,25°循环实验室8,CTRC-322,PE-01,True
博罗,电芯,博罗15B5F实验室,25°循环实验室9,CTRC-325,PE-01,False
博罗,电芯,博罗15B5F实验室,25°循环实验室10,CTRC-354,CTRC-354,False
博罗,电芯,博罗15B5F实验室,25°循环实验室10,CTRC-353,PE-01,False
博罗,电芯,博罗15B5F实验室,25°循环实验室10,CTRC-375,PE-01,False
博罗,电芯,博罗15B5F实验室,25°循环实验室6,Swd-20191209HSC,sunwoda,False
博罗,电芯,博罗15B5F实验室,25°循环实验室6,ctrc-118,ctrc-118,False
博罗,电芯,博罗15B6F实验室,短期,ctrc-217,ctrc-217,False
博罗,电芯,博罗15B6F实验室,短期,ctrc-183,ctrc-183,False
博罗,电芯,博罗15B6F实验室,短期,ctrc-165,ctrc-165,True
博罗,电芯,博罗15B6F实验室,短期,ctrc-389,pe-01,False
博罗,电芯,博罗15B6F实验室,短期,ctrc-164,ctrc-164,False
博罗,电芯,博罗15B6F实验室,短期,CTRC-567,CTRC-567,True
博罗,电芯,博罗15B6F实验室,短期,DESKTOP-MFOGO13,DELL,True
博罗,电芯,博罗15B6F实验室,短期,DESKTOP-19OCKFU,DELL,True
博罗,电芯,博罗15B6F实验室,短期,DESKTOP-R3OPTDN,DELL,True
博罗,电芯,博罗15B6F实验室,短期,ctrc-507,ctrc-507,True
博罗,电芯,博罗15B6F实验室,短期,DESKTOP-HT6AQCA,DELL,True
博罗,电芯,博罗15B6F实验室,短期,DESKTOP-D5890JH,DELL,True
博罗,电芯,博罗15B6F实验室,短期,DESKTOP-K6M8FFT,DELL,True
博罗,电芯,博罗15B6F实验室,短期,DESKTOP-AJHG336,DELL,True
博罗,电芯,博罗15B6F实验室,短期,DESKTOP-BFN0M6U,DELL,True
博罗,电芯,博罗15B6F实验室,短期,DESKTOP-6CLAEEG,DELL,True
博罗,电芯,博罗15B6F实验室,短期,DESKTOP-2FLMBB1,dell,True
博罗,电芯,博罗15B6F实验室,短期,DESKTOP-55JENJQ,DELL,True
博罗,电芯,博罗15B6F实验室,短期,SC-201906261032,PE-01,True
博罗,电芯,博罗15B6F实验室,短期,DESKTOP-J62FQTE,Dell,True
博罗,电芯,博罗15B6F实验室,短期,DESKTOP-M55ITRR,DELL,True
博罗,电芯,博罗15B6F实验室,短期,Swd-20191209ZKR,sunwoda,True
博罗,电芯,博罗15B6F实验室,短期,DESKTOP-8DJS6RQ,Dell,False
博罗,电芯,博罗15B6F实验室,短期,DESKTOP-5TDJNDU,DELL,True
博罗,电芯,博罗15B6F实验室,短期,DESKTOP-JS02LA1,DELL,True
博罗,电芯,博罗15B6F实验室,短期,Swd-20191209CKP,sunwoda,True
博罗,电芯,博罗15B6F实验室,短期,DESKTOP-SFNR9B9,dell,True
博罗,电芯,博罗15B6F实验室,短期,DESKTOP-ABK1TMF,Dell,False
博罗,电芯,博罗15B6F实验室,短期,ctrc-h55,Dell,False
博罗,电芯,博罗15B6F实验室,短期,DESKTOP-3N7R64N,Dell,False
博罗,电芯,博罗15B6F实验室,短期,DESKTOP-3VQE5K9,Dell,False
博罗,电芯,博罗15B6F实验室,短期,H--20200616FHUT,Administrator,True
博罗,电芯,博罗15B6F实验室,短期,DESKTOP-I595HIC,DELL,True
博罗,电芯,博罗15B6F实验室,短期,DESKTOP-D4M9BP9,Dell,False
博罗,电芯,博罗15B6F实验室,短期,H-20220117FCSWR,Administrator,False
博罗,电芯,博罗15B6F实验室,短期,ctrc-201,ctrc-201,True
博罗,电芯,博罗15B6F实验室,短期,D217M4,pe-01,True
博罗,电芯,博罗15B6F实验室,短期,DESKTOP-L5GPHEJ,DELL,False
博罗,电芯,博罗15B6F实验室,短期,SC-201905131803,admin,False
博罗,电芯,博罗15B6F实验室,短期,DESKTOP-2HFCUNH,DELL,True
博罗,电芯,博罗15B6F实验室,短期,DESKTOP-FD1JGHH,Laiter,False
博罗,电芯,博罗15B6F实验室,短期,ctrc-421,pe-01,True
博罗,电芯,博罗15B6F实验室,短期,SWD-20220120VNR,Administrator,False
博罗,电芯,博罗15B6F实验室,短期,SWD-20220117PAY,Administrator,True
博罗,电芯,博罗15B6F实验室,短期,ctrc-331,pe-01,True
博罗,电芯,博罗15B6F实验室,短期,ctrc-148,ctrc-148,False
博罗,电芯,博罗15B6F实验室,短期,ctrc-323,pe-01,True
博罗,电芯,博罗15B6F实验室,短期,ctrc-166,pe-01,True
博罗,电芯,博罗15B6F实验室,短期,ctrc-152,ctrc-152,True
博罗,电芯,博罗15B6F实验室,短期,DESKTOP-NKHQ8OA,dell,False
博罗,电芯,博罗15B6F实验室,短期,DESKTOP-0IUT7ME,DELL,True
博罗,电芯,博罗15B6F实验室,短期,DESKTOP-9PCAQ6F,DELL,True
博罗,电芯,博罗15B6F实验室,短期,H--20201013GTDN,pe-01,True
博罗,电芯,博罗15B6F实验室,短期,CTRC-379,pe-01,False
博罗,电芯,博罗15B5F实验室,短期,H--20220422QGSX,Administrator,True
博罗,电芯,博罗15B5F实验室,短期,DESKTOP-JON7ACT,DELL,False
博罗,电芯,博罗15B5F实验室,短期,DESKTOP-RSRB6QJ,DELL,True
博罗,电芯,博罗15B5F实验室,短期,DESKTOP-83CE7DH,DELL,True
博罗,电芯,博罗15B5F实验室,短期,DESKTOP-2NG9KCK,DELL,False
博罗,电芯,博罗15B5F实验室,短期,DESKTOP-JELRLDU,DELL,False
博罗,电芯,博罗15B5F实验室,短期,DESKTOP-2HOV865,DELL,False
博罗,电芯,博罗15B5F实验室,短期,DESKTOP-28UAEQB,DELL,False
博罗,电芯,博罗15B5F实验室,短期,DESKTOP-AN7S7MS,DELL,False
博罗,电芯,博罗15B5F实验室,短期,CTRC-336,CTRC-336,True
博罗,电芯,博罗15B5F实验室,短期,DESKTOP-439EM4C,DELL,True
博罗,电芯,博罗15B5F实验室,短期,CTRC-337,CTRC-337,False
博罗,电芯,博罗15B5F实验室,短期,SWD-20220120TBI,Administrator,True
博罗,电芯,博罗15B5F实验室,短期,Swd-20191209XVG,sunwoda,True
博罗,电芯,博罗15B5F实验室,短期,DESKTOP-L4DRRVJ,DELL,False
博罗,电芯,博罗15B5F实验室,短期,DESKTOP-BRQ4C33,DELL,False
博罗,电芯,博罗15B5F实验室,短期,DESKTOP-0OPJT0H,DELL,False
博罗,电芯,博罗15B5F实验室,短期,DESKTOP-F6NDJKK,DELL,False
博罗,电芯,博罗15B5F实验室,短期,CTRC-198,CTRC-198,True
博罗,电芯,博罗15B6F实验室,高温循环实验室,ctrc-187,ctrc-187,False
博罗,电芯,博罗15B6F实验室,高温循环实验室,ctrc-206,ctrc-206,False
博罗,电芯,博罗15B6F实验室,高温循环实验室,CTRC-163,CTRC-163,False
博罗,电芯,博罗15B6F实验室,高温循环实验室,ctrc-158,ctrc-158,False
博罗,电芯,博罗15B6F实验室,高温循环实验室,CTRC-194,CTRC-194,False
博罗,电芯,博罗15B6F实验室,高温循环实验室,P76A81,P76A81,False
博罗,电芯,博罗15B6F实验室,高温循环实验室,ctrc-200,ctrc-200,False
博罗,电芯,博罗15B6F实验室,高温循环实验室,CTRC-367,CTRC-367,False
博罗,电芯,博罗15B6F实验室,高温循环实验室,CTRC-153,CTRC-153,False
博罗,电芯,博罗15B6F实验室,高温循环实验室,ctrc-184,ctrc-184,True
博罗,电芯,博罗15B6F实验室,高温循环实验室,CTRC-551,CTRC-551,False
博罗,电芯,博罗15B6F实验室,高温循环实验室,CTRC-302,CTRC-302,False
博罗,电芯,博罗15B6F实验室,高温循环实验室,ctrc-100,ctrc-100,False
博罗,电芯,博罗15B6F实验室,高温循环实验室,ctrc-222,ctrc-222,False
博罗,电芯,博罗15B6F实验室,高温循环实验室,ctrc-143,ctrc-143,True
博罗,电芯,博罗15B6F实验室,高温循环实验室,ctrc-204,ctrc-204,True
博罗,电芯,博罗15B6F实验室,高温循环实验室,ctrc-172,ctrc-172,True
博罗,电芯,博罗15B6F实验室,高温循环实验室,ctrc-182,ctrc-182,True
博罗,电芯,博罗15B6F实验室,高温循环实验室,ctrc-209,ctrc-209,True
博罗,电芯,博罗15B6F实验室,高温循环实验室,ctrc-189,ctrc-189,False
博罗,电芯,博罗15B6F实验室,高温循环实验室,ctrc-175,ctrc-175,False
博罗,电芯,博罗15B6F实验室,高温循环实验室,ctrc-216,ctrc-216,True
博罗,电芯,博罗15B6F实验室,高温循环实验室,ctrc-178,ctrc-178,False
博罗,电芯,博罗15B6F实验室,高温循环实验室,ctrc-205,ctrc-205,False
博罗,电芯,博罗15B6F实验室,高温循环实验室,ctrc-116,ctrc-116,False
博罗,电芯,博罗15B6F实验室,高温循环实验室,CTRC-207,CTRC-207,True
博罗,电芯,博罗15B6F实验室,高温循环实验室,ctrc-147,ctrc-147,False
博罗,电芯,博罗15B6F实验室,高温循环实验室,ctrc-215,ctrc-215,False
博罗,电芯,博罗15B6F实验室,高温循环实验室,ctrc-149,ctrc-149,False
博罗,电芯,博罗15B6F实验室,高温循环实验室,ctrc-170,ctrc-170,False
博罗,电芯,博罗15B6F实验室,高温循环实验室,ctrc-101,ctrc-101,False
博罗,电芯,博罗15B6F实验室,高温循环实验室,ctrc-145,ctrc-145,False
博罗,电芯,博罗15B6F实验室,高温循环实验室,ctrc-096,ctrc-096,False
博罗,电芯,博罗15B5F实验室,液冷室,CTRC-414,CTRC-414,False
博罗,电芯,博罗15B6F实验室,液冷室,CTRC-418,CTRC-418,False
博罗,电芯,博罗15B6F实验室,液冷室,CTRC-366,CTRC-366,False
博罗,电芯,博罗15B6F实验室,特殊温度室,CTRC-359,CTRC-359,False
博罗,电芯,博罗15B6F实验室,特殊温度室,CTRC-224,CTRC-224,False
博罗,电芯,博罗15B5F实验室,液冷室,CTRC-365,CTRC-365,False
博罗,电芯,博罗15B5F实验室,常温液冷室,CTRC-392,CTRC-392,False
博罗,电芯,博罗15B5F实验室,常温液冷室,CTRC-378,CTRC-378,False
博罗,电芯,博罗15B6F实验室,特殊温度室,CTRC-173,CTRC-173,False
博罗,电芯,博罗15B6F实验室,特殊温度室,CTRC-211,CTRC-211,False
博罗,电芯,博罗15B5F实验室,特殊温度室,CTRC-134,CTRC-134,False
博罗,电芯,博罗15B5F实验室,特殊温度室,CTRC-136,CTRC-136,True
博罗,电芯,博罗15B5F实验室,特殊温度室,CTRC-138,CTRC-138,False
博罗,电芯,博罗15B5F实验室,特殊温度室,CTRC-356,CTRC-356,False
博罗,电芯,博罗15B5F实验室,特殊温度室,CTRC-358,CTRC-358,False
博罗,电芯,博罗15B6F实验室,特殊温度室,BL19121003,TW-007.local,False
博罗,电芯,博罗15A5F实验室,交叉实验室,ctrc-515,ctrc-515,False
博罗,电芯,博罗15A5F实验室,交叉实验室,ctrc-508,ctrc-508,False
博罗,电芯,博罗15A5F实验室,交叉实验室,CTRC-H76,CTRC-H76,False
博罗,电芯,博罗15A5F实验室,交叉实验室,CTRC-529,CTRC-529,False
博罗,电芯,博罗15B5F实验室,15B交叉实验室,CTRC-140,CTRC-140,True
博罗,电芯,博罗15B5F实验室,15B交叉实验室,CTRC-410,CTRC-410,False
博罗,电芯,博罗15A6F实验室,25℃温房实验室6,ctrc-558,ctrc-558,False
博罗,电芯,博罗15A4F实验室,短期高精度实验室,ctrc-592,ctrc-592,False
博罗,电芯,博罗15A4F实验室,短期高精度实验室,ctrc-585,ctrc-585,False
博罗,电芯,博罗15A5F实验室,短期实验室,CTRC-521,CTRC-521,False
博罗,电芯,博罗15A4F实验室,循环监控室1,CTRC-555,CTRC-555,False
博罗,电芯,博罗15A4F实验室,循环监控室1,CTRC-580,CTRC-580,False
博罗,电芯,博罗15A4F实验室,循环监控室1,CTRC-581,CTRC-581,False
博罗,电芯,博罗15A4F实验室,循环监控室1,CTRC-582,CTRC-582,False
博罗,电芯,博罗15A4F实验室,循环监控室1,CTRC-590,CTRC-590,False
博罗,电芯,博罗15A4F实验室,循环监控室1,CTRC-593,CTRC-593,False
博罗,电芯,博罗15A4F实验室,循环监控室1,CTRC-594,CTRC-594,False
博罗,电芯,博罗15A4F实验室,循环监控室1,CTRC-595,CTRC-595,False
博罗,电芯,博罗15A5F实验室,特殊温度实验室,CTRC-565,CTRC-565,False
博罗,电芯,博罗15A5F实验室,特殊温度实验室,CTRC-516,CTRC-516,False
博罗,电芯,博罗15A5F实验室,特殊温度实验室,CTRC-550,CTRC-550,False
博罗,电芯,博罗15A5F实验室,特殊温度实验室,CTRC-548,CTRC-548,False
博罗,电芯,博罗15A5F实验室,特殊温度实验室,CTRC-566,CTRC-566,False
博罗,电芯,博罗15A5F实验室,特殊温度实验室,CTRC-562,CTRC-562,False
博罗,电芯,博罗15A5F实验室,特殊温度实验室,CTRC-502,CTRC-502,False
博罗,电芯,博罗15A5F实验室,特殊温度实验室,CTRC-H09,CTRC-H09,False
博罗,电芯,博罗15A5F实验室,特殊温度实验室,CTRC-512,CTRC-512,False
博罗,电芯,博罗15A5F实验室,特殊温度实验室,CTRC-H62,CTRC-H62,False
测试厂区,无,测试,测试,ZhangYueSen-pc,ZhangYueSen-pc,True
光明,材料,C8实验室,物相分析室,XWD-20230530DOY,pe-01,True
光明,,,,ctrc-129,,True
光明,,,,D9737,,True
光明,电芯,B12实验室,25℃循环实验室5,ctrc-208,ctrc-208,True
博罗,电芯,博罗15A4F实验室,循环监控室1,CTRC-594,CTRC-594,False
博罗,电芯,博罗15A4F实验室,循环监控室1,CTRC-595,CTRC-595,False
博罗,电芯,博罗15A5F实验室,特殊温度实验室,CTRC-565,CTRC-565,False
博罗,电芯,博罗15A5F实验室,特殊温度实验室,CTRC-516,CTRC-516,False
博罗,电芯,博罗15A5F实验室,特殊温度实验室,CTRC-533,CTRC-533,False
博罗,电芯,博罗15A5F实验室,特殊温度实验室,CTRC-552,CTRC-552,False
博罗,电芯,博罗15A5F实验室,特殊温度实验室,CTRC-550,CTRC-550,False
博罗,电芯,博罗15A5F实验室,特殊温度实验室,CTRC-548,CTRC-548,False
博罗,电芯,博罗15A5F实验室,特殊温度实验室,CTRC-566,CTRC-566,False
博罗,电芯,博罗15A5F实验室,特殊温度实验室,CTRC-562,CTRC-562,False
博罗,电芯,博罗15A5F实验室,特殊温度实验室,CTRC-502,CTRC-502,False
博罗,电芯,博罗15A5F实验室,特殊温度实验室,CTRC-H09,CTRC-H09,False
博罗,电芯,博罗15A5F实验室,特殊温度实验室,CTRC-512,CTRC-512,False
博罗,电芯,博罗15A5F实验室,特殊温度实验室,CTRC-H62,CTRC-H62,False
博罗,电芯,博罗15B5F实验室,短期,CTRC-337,CTRC-337,False